{"stats":{"minecraft:custom":{"minecraft:jump":204,"minecraft:time_since_rest":7187,"minecraft:leave_game":1,"minecraft:crouch_one_cm":826,"minecraft:walk_on_water_one_cm":123,"minecraft:sprint_one_cm":17470,"minecraft:play_time":7187,"minecraft:damage_taken":145,"minecraft:time_since_death":7187,"minecraft:walk_one_cm":11148,"minecraft:sneak_time":140,"minecraft:total_world_time":7187,"minecraft:walk_under_water_one_cm":162,"minecraft:swim_one_cm":1921,"minecraft:fall_one_cm":5815,"minecraft:fly_one_cm":32782},"minecraft:mined":{"minecraft:grass":1,"minecraft:birch_leaves":3,"biomesoplenty:high_grass_plant":1}},"DataVersion":3465}